Date,Max_temp,Min_temp,Avg_temp
1/1/2019,27.5,10.6,19
1/2/2019,27.8,11,19.1
1/3/2019,27,10,18.3
1/4/2019,24.8,8.8,16.8
1/5/2019,26.4,8.5,17.4
1/6/2019,27.8,9.3,18.7
1/7/2019,28.2,9.7,18.5
1/8/2019,26.5,10,18.4
1/9/2019,26.3,10.4,18.5
1/10/2019,25.6,10.8,18.1
1/11/2019,25.8,8.2,17.4
1/12/2019,26.2,9.2,17.8
1/13/2019,27,9.8,18.4
1/14/2019,26.6,10.2,18.7
1/15/2019,25.1,10.3,17.7
1/16/2019,26.2,8.3,17.7
1/17/2019,26.7,9.3,18
1/18/2019,27,10.3,18.3
1/19/2019,26.2,10.3,18.1
1/20/2019,26.5,10.5,18.4
1/21/2019,27.2,11,18.8
1/22/2019,28.5,11,19.9
1/23/2019,29,11.2,20.3
1/24/2019,29.8,11.4,20.4
1/25/2019,30.5,12.4,21.3
1/26/2019,31,13,22
1/27/2019,29,14.5,22.2
1/28/2019,25.5,16.5,21.2
1/29/2019,25.3,15.7,19.7
1/30/2019,24.5,8.6,17
1/31/2019,27,9.6,18.3
2/1/2019,30,9.2,20.3
2/2/2019,28.5,11,20.1
2/3/2019,28.5,10.5,19.7
2/4/2019,28.8,10,20.1
2/5/2019,27.2,9.3,18.7
2/6/2019,28.2,8.8,19.3
2/7/2019,33,11,20.9
2/8/2019,30.6,12.6,23.3
2/9/2019,29.5,15.9,23.5
2/10/2019,27.5,16,20.2
2/11/2019,27.6,10.5,19.2
2/12/2019,28.5,10.8,20.3
2/13/2019,29.5,12.5,20.9
2/14/2019,30.5,12.6,21.9
2/15/2019,31.5,13.4,23.1
2/16/2019,25.2,14,20.4
2/17/2019,28.5,14.5,22.6
2/18/2019,28.5,14,23.5
2/19/2019,30.5,16.6,23.8
2/20/2019,31.2,19.6,25.2
2/21/2019,29,20.6,24.2
2/22/2019,32.8,20.5,26.3
2/23/2019,32.2,21.5,27
2/24/2019,31.4,20,25.7
2/25/2019,21.1,16.7,20.1
2/26/2019,23.5,17,20.2
2/27/2019,27.2,17.6,22.2
2/28/2019,28,17.5,22.1
3/1/2019,27,16.8,21.3
3/2/2019,27.2,12,20.4
3/3/2019,28.4,11.5,22.3
3/4/2019,27.8,16.2,23.8
3/5/2019,25.8,20,23.3
3/6/2019,28.2,20.8,24.5
3/7/2019,29.3,20.7,25.3
3/8/2019,29.6,17.6,24.4
3/9/2019,30.7,15.6,24.6
3/10/2019,30.7,17.5,25.6
3/11/2019,31.7,22,26.7
3/12/2019,34,23.7,28
3/13/2019,34,22.7,28.2
3/14/2019,34.5,24.2,27.9
3/15/2019,34.1,23.4,29.1
3/16/2019,34,22.6,28.1
3/17/2019,33.8,20,27.1
3/18/2019,30.8,19.5,25.5
3/19/2019,32.2,19.8,27.4
3/20/2019,33.1,21.5,26.4
3/21/2019,34.2,21.9,28.5
3/22/2019,33.4,24.2,26.7
3/23/2019,33.8,20.8,27.9
3/24/2019,34.2,20.2,27.2
3/25/2019,34.7,16.9,27.2
3/26/2019,35.2,20,28.5
3/27/2019,31.4,20.2,26.4
3/28/2019,34,19.5,27.3
3/29/2019,33.7,21.5,28.1
3/30/2019,33.7,22.5,28.6
3/31/2019,34,24.3,27.7
4/1/2019,30.1,20,25.9
4/2/2019,32.8,23.9,28.7
4/3/2019,33.7,23,28.1
4/4/2019,33,20.5,28.6
4/5/2019,31.5,23.7,28.5
4/6/2019,32.5,25.4,28
4/7/2019,31.5,20,27.2
4/8/2019,30.8,24,25.5
4/9/2019,33.2,22.5,26.4
4/10/2019,30,20,26
4/11/2019,33,21.3,27.6
4/12/2019,32.5,21,28.6
4/13/2019,34.5,25,27.7
4/14/2019,34,21.2,28.8
4/15/2019,34.4,24.8,29.6
4/16/2019,34.4,26.3,29.7
4/17/2019,35.2,24.8,30.3
4/18/2019,33.7,23,29.2
4/19/2019,35,22.5,29
4/20/2019,34.8,21.7,29.1
4/21/2019,35.3,23,29.8
4/22/2019,34,21.8,29.1
4/23/2019,35,22.8,30.1
4/24/2019,36.6,23.7,30.5
4/25/2019,36,24,30.6
4/26/2019,35.5,25.5,30.5
4/27/2019,36.2,25.5,30.8
4/28/2019,34.7,27.5,30.7
4/29/2019,35.2,27.4,30.8
4/30/2019,34.7,27.2,30.8
5/1/2019,35.2,27.3,30.9
5/2/2019,35.2,26.6,30.7
5/3/2019,35.2,27.8,28.6
5/4/2019,28,24.5,27.3
5/5/2019,34.7,22.3,29.7
5/6/2019,34.7,26.7,30.4
5/7/2019,34.6,26.7,30.5
5/8/2019,34.7,27.4,30.8
5/9/2019,35,28,31
5/10/2019,35,28.5,31.3
5/11/2019,35.2,27.8,31.1
5/12/2019,35.3,27.6,31.1
5/13/2019,35,27.5,30.5
5/14/2019,35.1,23,30.1
5/15/2019,35.5,23.2,30.9
5/16/2019,35.7,23.8,31.1
5/17/2019,35.2,26.9,31.2
5/18/2019,35.5,26.5,31.3
5/19/2019,35.5,28.5,31.4
5/20/2019,36,26.1,31.5
5/21/2019,35.8,27.4,31.3
5/22/2019,35.4,27.5,31.2
5/23/2019,34.6,22.2,29.7
5/24/2019,33.9,27.3,31
5/25/2019,30.2,22.2,26.5
5/26/2019,35.7,24,30.8
5/27/2019,36,27.8,31.5
5/28/2019,36.4,27.7,31.3
5/29/2019,36.5,26.5,31.4
5/30/2019,36.2,27.5,31.3
5/31/2019,34.6,27.5,29.9
6/1/2019,34.6,27.8,31
6/2/2019,33.8,27,27.8
6/3/2019,34.2,23.4,29.9
6/4/2019,32.6,25.5,27.7
6/5/2019,30.7,25.3,26
6/6/2019,31.5,25.2,27.8
6/7/2019,30.6,26.3,26.6
6/8/2019,32,25.3,28.5
6/9/2019,32.7,26.5,28.9
6/10/2019,34.8,26.5,30.8
6/11/2019,35,27.5,31.1
6/12/2019,35.8,26.8,31.6
6/13/2019,35.5,25.7,30.9
6/14/2019,34.4,28.2,30.7
6/15/2019,34.4,28.8,29.5
6/16/2019,35,23.8,31.2
6/17/2019,35.2,28.4,31.8
6/18/2019,32.6,25,28.7
6/19/2019,35.6,26.6,31.6
6/20/2019,34.6,28.4,30.8
6/21/2019,32.3,27.2,29.2
6/22/2019,34,26.5,29.9
6/23/2019,35.1,26.7,31
6/24/2019,36.4,27.2,31.9
6/25/2019,35.5,28.1,31.9
6/26/2019,35.2,28,31.4
6/27/2019,35.6,28.3,31.2
6/28/2019,33.5,28.3,29.5
6/29/2019,33.5,26.6,29.6
6/30/2019,34.5,26.8,30.2
7/1/2019,31,27,28.9
7/2/2019,31.6,26.9,29.1
7/3/2019,32.8,26,29.9
7/4/2019,33.2,27,29.9
7/5/2019,31.5,27,29.3
7/6/2019,31.2,27.2,28.4
7/7/2019,29,26.5,28.2
7/8/2019,30.3,26.5,28
7/9/2019,29.3,26.1,28.3
7/10/2019,30.8,27.1,28.2
7/11/2019,30,25.8,27.6
7/12/2019,32.4,26.5,27.9
7/13/2019,31.7,25.5,28.3
7/14/2019,33.5,24,30.2
7/15/2019,34.4,26.2,30.8
7/16/2019,35.2,26.7,31.3
7/17/2019,35,27.5,31.7
7/18/2019,33.3,26.6,29.5
7/19/2019,33.7,25.8,30.1
7/20/2019,34.5,26.9,30.2
7/21/2019,35.2,27.4,30.5
7/22/2019,33.5,27.8,30.2
7/23/2019,34.4,26.5,30.2
7/24/2019,33,27,29
7/25/2019,32.8,25.9,27.9
7/26/2019,30.5,25.5,28
7/27/2019,32.2,25.5,28.4
7/28/2019,31.2,25.5,28.3
7/29/2019,32.2,27.3,28.8
7/30/2019,30.8,25.6,28.4
7/31/2019,31.8,25.5,28.3
8/1/2019,32.2,26.5,28.6
8/2/2019,33.3,26,29
8/3/2019,33,26.8,29.7
8/4/2019,33.4,27.4,30.4
8/5/2019,35.2,27.8,31.2
8/6/2019,32.8,27,30
8/7/2019,30.7,26.2,27.9
8/8/2019,33,26.3,29.4
8/9/2019,29.5,26.6,28
8/10/2019,32.4,26.2,29.5
8/11/2019,35,26,31
8/12/2019,32.4,26,29.5
8/13/2019,28.6,26.2,27.4
8/14/2019,30.4,25.9,29.2
8/15/2019,32,26.8,27.6
8/16/2019,32.5,26,28.4
8/17/2019,29.5,25.3,27.3
8/18/2019,32.9,25.4,28.8
8/19/2019,33.4,26.6,30
8/20/2019,33.4,26.5,29.5
8/21/2019,34.6,26.1,30.7
8/22/2019,33.5,27.4,29.7
8/23/2019,32.2,26.8,28.6
8/24/2019,31.8,26.5,27.4
8/25/2019,32.8,27.1,28.5
8/26/2019,33.5,26.2,29
8/27/2019,33.3,26.2,29.4
8/28/2019,33.5,26,29.9
8/29/2019,34.2,26.6,30
8/30/2019,34.3,26.4,30.3
8/31/2019,34.8,27,30.8
9/1/2019,34.2,26.3,29.7
9/2/2019,33.6,26.5,29.8
9/3/2019,32.5,26.8,29.3
9/4/2019,32.4,27.2,28.9
9/5/2019,31.6,27.5,29.4
9/6/2019,32.5,26.5,29.2
9/7/2019,31.5,26.4,27.9
9/8/2019,29,26.4,27.9
9/9/2019,32.5,26.5,28.8
9/10/2019,30.2,26.6,28.1
9/11/2019,31.5,26.2,28.7
9/12/2019,31,26.2,27.2
9/13/2019,31.5,25.5,29.2
9/14/2019,33.4,26.2,29.3
9/15/2019,33.8,26.5,30.1
9/16/2019,33.3,26.4,30
9/17/2019,34.7,26,30.4
9/18/2019,34.3,25.8,30.3
9/19/2019,35.2,25.8,30.3
9/20/2019,34.5,26.8,28.5
9/21/2019,32.3,26,28.1
9/22/2019,33.6,25.5,29
9/23/2019,32,24.8,29.1
9/24/2019,31.2,25.6,26.9
9/25/2019,30.4,24.8,27.2
9/26/2019,31.8,24.6,27.8
9/27/2019,32.1,24.4,28.2
9/28/2019,30.6,25.5,27.3
9/29/2019,29.8,24.3,25.5
9/30/2019,32.2,23.5,27.2
10/1/2019,29.5,24.5,26.7
10/2/2019,33.4,25,28.7
10/3/2019,33.3,25.6,28.7
10/4/2019,34.8,24.8,29.5
10/5/2019,35,25.5,29.8
10/6/2019,31.5,25.7,27.4
10/7/2019,32.5,23.8,28.4
10/8/2019,32.3,23.9,28.7
10/9/2019,29.6,24,26.5
10/10/2019,28,23.6,26.4
10/11/2019,32.3,23.7,27.5
10/12/2019,32.2,23.6,27.9
10/13/2019,33.6,23.8,28.1
10/14/2019,33.9,22.2,28
10/15/2019,33.5,22.9,28.9
10/16/2019,31.8,24.8,28.4
10/17/2019,34,23.5,28.7
10/18/2019,34,24.6,29.4
10/19/2019,34.6,25,29.7
10/20/2019,34.8,25.3,29.5
10/21/2019,34,24.3,29
10/22/2019,32.4,24.6,28.4
10/23/2019,33,24.5,27.2
10/24/2019,28.5,23.4,25.5
10/25/2019,26.2,22.5,24.3
10/26/2019,30.3,23.4,26.5
10/27/2019,31.4,22.6,26.7
10/28/2019,31,21.8,25.8
10/29/2019,31.7,20.2,26.1
10/30/2019,32.4,21,26.5
10/31/2019,31.8,21.2,26.3
11/1/2019,32,21.1,26.3
11/2/2019,32,21,26.4
11/3/2019,32.2,21,26.6
11/4/2019,32.1,21,26.2
11/5/2019,32.2,20.7,26.5
11/6/2019,30.7,21,25.5
11/7/2019,32,19,26.4
11/8/2019,27.2,22.6,24.6
11/9/2019,24.8,22.8,24.5
11/10/2019,24,22.8,23.8
11/11/2019,29.4,22,24.3
11/12/2019,30.8,20.5,25
11/13/2019,31,21,24.9
11/14/2019,32.1,19.5,25.2
11/15/2019,32.4,19.5,25.5
11/16/2019,31.6,19,25.1
11/17/2019,31,19.3,24.7
11/18/2019,30.6,18.3,23.9
11/19/2019,30.4,17.6,24
11/20/2019,30,17,22.6
11/21/2019,29.5,15.5,22.5
11/22/2019,29.6,17.5,22.9
11/23/2019,29.5,18,23.2
11/24/2019,28.8,17.5,23.1
11/25/2019,29.5,17.7,23.4
11/26/2019,30,17.6,23.6
11/27/2019,30.4,17.7,23.7
11/28/2019,31.2,17,24
11/29/2019,31.4,17.5,23.7
11/30/2019,30.3,17,23.6
12/1/2019,28.5,16.6,22.5
12/2/2019,28.4,16.5,21.4
12/3/2019,28,13.7,20.5
12/4/2019,27.8,14,20.7
12/5/2019,29.6,13.5,21.8
12/6/2019,30.5,15.4,22.8
12/7/2019,30.4,15.3,22.8
12/8/2019,28.8,15.3,22.8
12/9/2019,29.2,16.5,22.4
12/10/2019,28,14.7,21
12/11/2019,27,13.9,21
12/12/2019,26.4,14.9,20.8
12/13/2019,26.5,14,20.7
12/14/2019,28.3,14,21
12/15/2019,28,15.2,21.3
12/16/2019,27.6,14.7,21
12/17/2019,27,15,20.5
12/18/2019,24.6,14.5,18.5
12/19/2019,22,12,16.8
12/20/2019,22.7,13.5,16.6
12/21/2019,20,10.4,16.5
12/22/2019,22.5,12.5,16.8
12/23/2019,24,11.3,18.4
12/24/2019,23.8,12,17.8
12/25/2019,24.1,10.8,18.1
12/26/2019,21,12,17.6
12/27/2019,18.7,13.3,16
12/28/2019,20.2,13,15.1
12/29/2019,24.7,10.2,17.1
12/30/2019,25.2,10.8,17.5
12/31/2019,27.1,11.5,19.2
1/1/2020,27.5,13.4,20.2
1/2/2020,24.8,13,21
1/3/2020,17.8,15.8,18
1/4/2020,20.6,15.8,19
1/5/2020,25,15.3,19.2
1/6/2020,22.8,12.4,17.2
1/7/2020,21.3,11.3,16.5
1/8/2020,22.8,11,17.6
1/9/2020,24.3,13.5,19.7
1/10/2020,25,13.6,19.2
1/11/2020,22,13,16.5
1/12/2020,21.5,12,16.7
1/13/2020,24.6,12,17.3
1/14/2020,26,10.5,18.4
1/15/2020,26.5,12.3,19.2
1/16/2020,28.6,12,20.1
1/17/2020,30.6,12.6,21
1/18/2020,29.4,13,20.9
1/19/2020,29.2,13,21
1/20/2020,24.5,15.4,18.9
1/21/2020,25.2,10.5,17.5
1/22/2020,25.8,9.7,18.1
1/23/2020,25.6,12.2,20.4
1/24/2020,25.1,12.2,18.8
1/25/2020,25,9.4,17.2
1/26/2020,24.8,9.5,17.3
1/27/2020,24.6,10.3,17.3
1/28/2020,25.4,10.4,18.3
1/29/2020,23.5,13,18.6
1/30/2020,25.5,14.6,19.7
1/31/2020,24,15,19.2
2/1/2020,25.6,10.7,18.4
2/2/2020,24.8,10.5,17.7
2/3/2020,24.5,9,17.1
2/4/2020,26,8.5,18
2/5/2020,26.6,12.1,18.9
2/6/2020,27.4,11.5,20
2/7/2020,26.2,11.8,20.7
2/8/2020,23.4,14.7,19.9
2/9/2020,27.1,16.2,18.7
2/10/2020,26.5,10.9,18.8
2/11/2020,27.2,9.8,19
2/12/2020,27.5,11,18.8
2/13/2020,27.3,10,19.3
2/14/2020,28.2,11.5,20.6
2/15/2020,30,16.5,22.4
2/16/2020,29.5,13.7,21.3
2/17/2020,29.4,13.2,21.7
2/18/2020,29.6,13.7,22.1
2/19/2020,30.5,14.4,22
2/20/2020,30.5,14.7,22.2
2/21/2020,30.8,14.8,22.4
2/22/2020,31.6,14,23.1
2/23/2020,32.1,14.2,23.7
2/24/2020,29.2,16.2,23.4
2/25/2020,25.2,18.5,21.9
2/26/2020,24,17,19.2
2/27/2020,28,14.5,21
2/28/2020,29.5,14.6,22.2
2/29/2020,30.9,13.8,23
3/1/2020,31.6,14.9,23.25
3/2/2020,31.7,16.2,23.95
3/3/2020,30.2,16.5,23.35
3/4/2020,30.7,17.8,24.25
3/5/2020,30.4,19.3,24.85
3/6/2020,28.3,18,23.15
3/7/2020,28.3,19.8,24.05
3/8/2020,30.7,19,24.85
3/9/2020,30.6,18,24.3
3/10/2020,30.9,14.9,22.9
3/11/2020,32.7,17.7,25.2
3/12/2020,33.8,19.7,26.75
3/13/2020,34.5,20.7,27.6
3/14/2020,34.6,19,26.8
3/15/2020,33.8,18.4,26.1
3/16/2020,32.6,19.6,26.1
3/17/2020,32.5,18.4,25.45
3/18/2020,32.7,19,25.85
3/19/2020,32.7,18.2,25.45
3/20/2020,32.4,20,26.2
3/21/2020,33.7,18,25.85
3/22/2020,31,20.6,25.8
3/23/2020,31.8,18,24.9
3/24/2020,32.3,20.3,26.3
3/25/2020,33.4,19,26.2
3/26/2020,35,23.2,29.1
3/27/2020,36,21.3,28.65
3/28/2020,36.2,21.5,28.85
3/29/2020,35,21.7,28.35
3/30/2020,34.5,21.4,27.95
3/31/2020,35,19.5,27.25
4/1/2020,36.7,18,27.35
4/2/2020,36.2,25.5,30.85
4/3/2020,35,24.3,29.65
4/4/2020,34.2,21.2,27.7
4/5/2020,32.2,22.8,27.5
4/6/2020,35.5,22.4,28.95
4/7/2020,36.2,24.9,30.55
4/8/2020,33,24.8,28.9
4/9/2020,34.7,23.7,29.2
4/10/2020,35,22.5,28.75
4/11/2020,34.6,23.7,29.15
4/12/2020,32.7,19.8,26.25
4/13/2020,34.6,22.6,28.6
4/14/2020,35.6,25.2,30.4
4/15/2020,35.6,25,30.3
4/16/2020,35.3,22,28.65
4/17/2020,35.3,26.2,30.75
4/18/2020,34.8,26.5,30.65
4/19/2020,34.8,22.1,28.45
4/20/2020,33.8,25.7,29.75
4/21/2020,29.3,22,25.65
4/22/2020,32.6,21.8,27.2
4/23/2020,33.6,23.3,28.45
4/24/2020,32.2,21.5,26.85
4/25/2020,32.2,20.5,26.35
4/26/2020,31.2,20.5,25.85
4/27/2020,30.7,22,26.35
4/28/2020,29.7,22.6,26.15
4/29/2020,31.9,22,26.95
4/30/2020,30.8,24,27.4
5/1/2020,31.5,23.5,27.5
5/2/2020,33.2,24,28.6
5/3/2020,30.3,23,26.65
5/4/2020,34,23.4,28.7
5/5/2020,35,26,30.5
5/6/2020,30.3,21.3,25.8
5/7/2020,34,22.7,28.35
5/8/2020,35.1,20.6,27.85
5/9/2020,36,23.4,29.7
5/10/2020,36,24.5,30.25
5/11/2020,34.8,23.8,29.3
5/12/2020,36,25,30.5
5/13/2020,36.1,26.8,31.45
5/14/2020,36,25.6,30.8
5/15/2020,35,27,31
5/16/2020,35.5,26.5,31
5/17/2020,36.2,27.2,31.7
5/18/2020,35.6,25.7,30.65
5/19/2020,33.4,28.2,30.8
5/20/2020,30.5,24,27.25
5/21/2020,30.4,25.5,27.95
5/22/2020,33.7,25.8,29.75
5/23/2020,35,27.4,31.2
5/24/2020,33.7,27.2,30.45
5/25/2020,33.2,28,30.6
5/26/2020,33.5,27.8,30.65
5/27/2020,27.3,22.2,24.75
5/28/2020,29.5,21.7,25.6
5/29/2020,34.4,23.3,28.85
5/30/2020,33.8,23,28.4
5/31/2020,33.6,24.4,29
6/1/2020,34,24.5,29.25
6/2/2020,35.5,25.5,30.5
6/3/2020,34,24.6,29.3
6/4/2020,31.2,27.4,29.3
6/5/2020,33.8,24.5,29.15
6/6/2020,34.2,27.7,30.95
6/7/2020,35.2,26.5,30.85
6/8/2020,34.1,27.5,30.8
6/9/2020,35.4,26.6,31
6/10/2020,33.4,27.8,30.6
6/11/2020,30.3,26.4,28.35
6/12/2020,29.1,26.5,27.8
6/13/2020,30,26,28
6/14/2020,32.6,26.5,29.55
6/15/2020,33.2,26.7,29.95
6/16/2020,31.8,25.7,28.75
6/17/2020,28.6,25.7,27.15
6/18/2020,28.3,25.4,26.85
6/19/2020,31.6,25.7,28.65
6/20/2020,33,25.5,29.25
6/21/2020,31.8,27.2,29.5
6/22/2020,33.4,26.2,29.8
6/23/2020,32.6,26.3,29.45
6/24/2020,34.5,26.8,30.65
6/25/2020,34.5,27.8,31.15
6/26/2020,34.5,27.7,31.1
6/27/2020,33.3,27.8,30.55
6/28/2020,31,24.8,27.9
6/29/2020,31.9,25.1,28.5
6/30/2020,33.2,25.7,29.45
7/1/2020,35.7,27,31.35
7/2/2020,34.5,27,30.75
7/3/2020,34.5,27.4,30.95
7/4/2020,32.7,27.5,30.1
7/5/2020,29,26.6,27.8
7/6/2020,30.3,26.1,28.2
7/7/2020,32.1,26.5,29.3
7/8/2020,32,26.6,29.3
7/9/2020,33.2,27.8,30.5
7/10/2020,32.5,26.6,29.55
7/11/2020,31.7,28,29.85
7/12/2020,33.1,25.4,29.25
7/13/2020,31.5,25.7,28.6
7/14/2020,32.4,26.7,29.55
7/15/2020,33,26.2,29.6
7/16/2020,32.7,26.6,29.65
7/17/2020,33.8,26.8,30.3
7/18/2020,34,27.4,30.7
7/19/2020,31,27,29
7/20/2020,31,26.4,28.7
7/21/2020,31.2,25.4,28.3
7/22/2020,31.3,25.3,28.3
7/23/2020,31.1,26.2,28.65
7/24/2020,31.8,26.6,29.2
7/25/2020,33.4,25.6,29.5
7/26/2020,35.2,25.6,30.4
7/27/2020,35.4,27.8,31.6
7/28/2020,32.5,25.4,28.95
7/29/2020,32,25.3,28.65
7/30/2020,33.7,26.5,30.1
7/31/2020,33.6,27,30.3
8/1/2020,35,27.4,31.2
8/2/2020,34,28,31
8/3/2020,36.8,27.4,32.1
8/4/2020,31.5,24.5,28
8/5/2020,31.8,25.6,28.7
8/6/2020,30.5,26.4,28.45
8/7/2020,32.1,27.1,29.6
8/8/2020,32.7,27.4,30.05
8/9/2020,33.5,27.2,30.35
8/10/2020,33.8,27.1,30.45
8/11/2020,31.2,27.5,29.35
8/12/2020,32.9,27.4,30.15
8/13/2020,33.8,27.2,30.5
8/14/2020,33.2,26.8,30
8/15/2020,30.7,26.5,28.6
8/16/2020,31.6,26.3,28.95
8/17/2020,28.5,26,27.25
8/18/2020,31.5,25.7,28.6
8/19/2020,31,26.3,28.65
8/20/2020,28.7,25.4,27.05
8/21/2020,30.5,25.5,28
8/22/2020,27.4,25.5,26.45
8/23/2020,30.7,25.6,28.15
8/24/2020,33,25.5,29.25
8/25/2020,32.6,26,29.3
8/26/2020,29.8,25.8,27.8
8/27/2020,32.3,25.9,29.1
8/28/2020,33.3,26.7,30
8/29/2020,34.5,26.5,30.5
8/30/2020,34.4,27.2,30.8
8/31/2020,34.4,28.3,31.35
9/1/2020,31.2,26.4,28.8
9/2/2020,32.5,26.2,29.35
9/3/2020,34,25.6,29.8
9/4/2020,35.3,25.6,30.45
9/5/2020,34.5,27,30.75
9/6/2020,35.1,26.6,30.85
9/7/2020,34.2,26.6,30.4
9/8/2020,35.6,26.7,31.15
9/9/2020,35.8,27.5,31.65
9/10/2020,33.7,26.5,30.1
9/11/2020,33.3,26.5,29.9
9/12/2020,34.5,26.5,30.5
9/13/2020,33.4,26.6,30
9/14/2020,33.7,27,30.35
9/15/2020,30.9,26.8,28.85
9/16/2020,33.5,26.7,30.1
9/17/2020,34.3,27,30.65
9/18/2020,34.5,26.8,30.65
9/19/2020,36.1,27,31.55
9/20/2020,33.8,26,29.9
9/21/2020,31,25.4,28.2
9/22/2020,30.5,26,28.25
9/23/2020,28.2,26.2,27.2
9/24/2020,29.3,25.2,27.25
9/25/2020,30.5,25.4,27.95
9/26/2020,31.6,25.4,28.5
9/27/2020,32.7,26.3,29.5
9/28/2020,33,25.5,29.25
9/29/2020,33.2,26.2,29.7
9/30/2020,33.5,26.3,29.9
10/1/2020,33.2,26.6,29.9
10/2/2020,32.5,26.2,29.35
10/3/2020,33.2,25.7,29.45
10/4/2020,32.2,26.4,29.3
10/5/2020,31.7,26.3,29
10/6/2020,30.4,25.7,28.05
10/7/2020,32.6,25.9,29.25
10/8/2020,34.6,25.5,30.05
10/9/2020,35.4,26.7,31.05
10/10/2020,35.6,26.8,31.2
10/11/2020,35.8,26.8,31.3
10/12/2020,34.2,26.3,30.25
10/13/2020,35.3,25.4,30.35
10/14/2020,33.8,26.4,30.1
10/15/2020,34.8,26,30.4
10/16/2020,35.5,25.8,30.65
10/17/2020,35,26,30.5
10/18/2020,31.3,26.2,28.75
10/19/2020,34.5,25.8,30.15
10/20/2020,32.4,26.2,29.3
10/21/2020,30.7,25.4,28.05
10/22/2020,26.2,24.6,25.4
10/23/2020,27.4,23.7,25.55
10/24/2020,27.3,24.8,26.05
10/25/2020,32,23.6,27.8
10/26/2020,32.5,23.7,28.1
10/27/2020,33,24,28.5
10/28/2020,33.4,23.9,28.65
10/29/2020,34.5,23.8,29.15
10/30/2020,35.4,25.2,30.3
10/31/2020,31.5,24.5,28
11/1/2020,28.6,24.5,26.55
11/2/2020,30.9,25,27.95
11/3/2020,31.1,25.2,28.15
11/4/2020,31,24.7,27.85
11/5/2020,31.3,20.4,25.85
11/6/2020,31,17.5,24.25
11/7/2020,31,16.5,23.75
11/8/2020,31.5,17.3,24.4
11/9/2020,32.7,19.4,26.05
11/10/2020,33,21,27
11/11/2020,33.5,19.8,26.65
11/12/2020,33.2,18.8,26
11/13/2020,33.3,21.6,27.45
11/14/2020,32.5,19.3,25.9
11/15/2020,31.8,18,24.9
11/16/2020,31,18.2,24.6
11/17/2020,31.5,19,25.25
11/18/2020,31,18.2,24.6
11/19/2020,30.3,19.3,24.8
11/20/2020,30.5,20.1,25.3
11/21/2020,26.7,21.5,24.1
11/22/2020,28.3,19.5,23.9
11/23/2020,27.4,13.8,20.6
11/24/2020,26.5,13.2,19.85
11/25/2020,27.8,14.2,21
11/26/2020,29.4,14,21.7
11/27/2020,30.6,14.4,22.5
11/28/2020,29.8,18.2,24
11/29/2020,30,14.7,22.35
11/30/2020,30.5,15,22.75
12/1/2020,30.5,15,22.75
12/2/2020,29.6,14.8,22.2
12/3/2020,28.8,15.5,22.15
12/4/2020,29.2,15.2,22.2
12/5/2020,28.7,16.3,22.5
12/6/2020,29.2,15.6,22.4
12/7/2020,29.1,15.7,22.4
12/8/2020,26.4,16.1,21.25
12/9/2020,24.7,18,21.35
12/10/2020,25.2,15.6,20.4
12/11/2020,23.5,16.5,20
12/12/2020,24.1,13.6,18.85
12/13/2020,27.2,13.9,20.55
12/14/2020,27.4,15.2,21.3
12/15/2020,27.6,14.8,21.2
12/16/2020,27.6,15.5,21.55
12/17/2020,27,14,20.5
12/18/2020,24.8,13.6,19.2
12/19/2020,24.8,9,16.9
12/20/2020,24.9,9.3,17.1
12/21/2020,24.8,10.5,17.65
12/22/2020,26,10.4,18.2
12/23/2020,26.3,10.7,18.5
12/24/2020,26.8,12,19.4
12/25/2020,27,12.2,19.6
12/26/2020,26.2,11.4,18.8
12/27/2020,26,10,18
12/28/2020,25.8,9.6,17.7
12/29/2020,25.6,9.2,17.4
12/30/2020,26.9,10.7,18.8
12/31/2020,25.8,10.9,18.35
1/1/2021,26.6,10.5,18.55
1/2/2021,26.8,10.7,18.75
1/3/2021,27.5,11,19.25
1/4/2021,28.7,11.7,20.2
1/5/2021,29.8,12.8,21.3
1/6/2021,30.3,13.1,21.7
1/7/2021,30.8,14.8,22.8
1/8/2021,30.4,15.1,22.75
1/9/2021,29.1,14.3,21.7
1/10/2021,29.7,16.1,22.9
1/11/2021,29.6,17,23.3
1/12/2021,27.6,15.6,21.6
1/13/2021,24,13.8,18.9
1/14/2021,24.6,13.8,19.2
1/15/2021,25.6,11.4,18.5
1/16/2021,24.5,10.6,17.55
1/17/2021,25.2,12.6,18.9
1/18/2021,24.3,11.8,18.05
1/19/2021,25.3,11.3,18.3
1/20/2021,25.7,14.5,20.1
1/21/2021,27,16.6,21.8
1/22/2021,25.4,12.4,18.9
1/23/2021,23.4,11.4,17.4
1/24/2021,25.6,10.3,17.95
1/25/2021,26.3,11.6,18.95
1/26/2021,26.2,11.7,18.95
1/27/2021,25.1,12.3,18.7
1/28/2021,24.2,11.7,17.95
1/29/2021,26.3,10.8,18.55
1/30/2021,25.7,12.6,19.15
1/31/2021,23.5,9.4,16.45
2/1/2021,23.5,7.4,15.45
2/2/2021,25.5,8,16.75
2/3/2021,27,9.5,18.25
2/4/2021,28.4,10.6,19.5
2/5/2021,29,11.7,20.35
2/6/2021,28.7,12,20.35
2/7/2021,23.5,13.5,18.5
2/8/2021,27.6,11.4,19.5
2/9/2021,29.1,10.8,19.95
2/10/2021,29.8,10,19.9
2/11/2021,29.7,12.8,21.25
2/12/2021,29,13.6,21.3
2/13/2021,29.6,12.4,21
2/14/2021,30.3,14,22.15
2/15/2021,29.5,16.6,23.05
2/16/2021,30.7,17.1,23.9
2/17/2021,30.8,14.9,22.85
2/18/2021,31.4,15,23.2
2/19/2021,30.7,16.2,23.45
2/20/2021,25.8,17.8,21.8
2/21/2021,30.7,16.8,23.75
2/22/2021,30.5,14.5,22.5
2/23/2021,31.4,13.5,22.45
2/24/2021,31.3,16.3,23.8
2/25/2021,32.8,20.5,26.65
2/26/2021,34,20.6,27.3
2/27/2021,34.2,21.5,27.85
2/28/2021,34,22.5,28.25
3/1/2021,33.3,22.9,28.1
3/2/2021,32.7,23.3,28
3/3/2021,32,22,27
3/4/2021,32.6,20.2,26.4
3/5/2021,32.9,22.2,27.55
3/6/2021,33.2,23.1,28.15
3/7/2021,32.7,23,27.85
3/8/2021,33.2,23,28.1
3/9/2021,32.6,22.5,27.55
3/10/2021,32.1,23.1,27.6
3/11/2021,33.7,21.4,27.55
3/12/2021,32.2,23,27.6
3/13/2021,34,20.5,27.25
3/14/2021,31.8,18.5,25.15
3/15/2021,33.3,17.7,25.5
3/16/2021,34.7,19.2,26.95
3/17/2021,34.5,18,26.25
3/18/2021,34.5,19,26.75
3/19/2021,34.7,21.5,28.1
3/20/2021,34.8,19.4,27.1
3/21/2021,35.8,21.5,28.65
3/22/2021,36.7,22.5,29.6
3/23/2021,36.5,22.2,29.35
3/24/2021,35.5,22.5,29
3/25/2021,36.6,23.7,30.15
3/26/2021,35.6,20.4,28
3/27/2021,36.6,20.3,28.45
3/28/2021,33.8,21.6,27.7
3/29/2021,34,22.3,28.15
3/30/2021,35.2,25.8,30.5
3/31/2021,33.7,27,30.35
4/1/2021,36.2,26.4,31.3
4/2/2021,34.8,25.3,30.05
4/3/2021,34.2,24.8,29.5
4/4/2021,34.3,23.8,29.05
4/5/2021,34.4,18.6,26.5
4/6/2021,33.7,18.8,26.25
4/7/2021,34.8,23,28.9
4/8/2021,33.5,24.4,28.95
4/9/2021,34,24.8,29.4
4/10/2021,34.6,24.5,29.55
4/11/2021,35.4,25.5,30.45
4/12/2021,35.5,25.5,30.5
4/13/2021,35.3,24.8,30.05
4/14/2021,35.7,25,30.35
4/15/2021,35,25.2,30.1
4/16/2021,35.3,25.2,30.25
4/17/2021,32.8,21,26.9
4/18/2021,34.5,22.6,28.55
4/19/2021,35.8,25,30.4
4/20/2021,36.2,25.8,31
4/21/2021,36.6,25.3,30.95
4/22/2021,34.5,25.5,30
4/23/2021,35.7,24.4,30.05
4/24/2021,38.2,20.6,29.4
4/25/2021,38.8,24.2,31.5
4/26/2021,37.5,25,31.25
4/27/2021,37.3,26.4,31.85
4/28/2021,36,25.7,30.85
4/29/2021,35.8,20.8,28.3
4/30/2021,35.8,25.4,30.6
5/1/2021,35.2,25.2,30.2
5/2/2021,35.5,25.5,30.5
5/3/2021,34.7,25,29.85
5/4/2021,30.7,23.7,27.2
5/5/2021,35,22,28.5
5/6/2021,33.4,23.4,28.4
5/7/2021,35.5,22.5,29
5/8/2021,33,24.5,28.75
5/9/2021,35,23.4,29.2
5/10/2021,34.5,22.5,28.5
5/11/2021,29.5,23.8,26.65
5/12/2021,33,22,27.5
5/13/2021,34,26.2,30.1
5/14/2021,35.2,24,29.6
5/15/2021,36.5,25.4,30.95
5/16/2021,36.8,25.8,31.3
5/17/2021,37,27,32
5/18/2021,36.6,27.5,32.05
5/19/2021,37.2,27.8,32.5
5/20/2021,36.8,28,32.4
5/21/2021,38,27.2,32.6
5/22/2021,37.5,27.3,32.4
5/23/2021,38.3,27,32.65
5/24/2021,36.2,27,31.6
5/25/2021,32.8,26,29.4
5/26/2021,31.2,25.6,28.4
5/27/2021,32.7,25.7,29.2
5/28/2021,33.7,27.5,30.6
5/29/2021,35.1,27.5,31.3
5/30/2021,35.6,27.5,31.55
5/31/2021,32.2,28,30.1
6/1/2021,32.8,24.2,28.5
6/2/2021,33,24.8,28.9
6/3/2021,34.4,26.5,30.45
6/4/2021,35.4,26.4,30.9
6/5/2021,35.5,27.6,31.55
6/6/2021,33,24.9,28.95
6/7/2021,33.8,24.4,29.1
6/8/2021,27.8,23.8,25.8
6/9/2021,32.2,25.4,28.8
6/10/2021,32.2,27,29.6
6/11/2021,30.8,25.6,28.2
6/12/2021,30.7,25.8,28.25
6/13/2021,32.7,26.8,29.75
6/14/2021,32.2,26.9,29.55
6/15/2021,30.8,26.2,28.5
6/16/2021,27.2,25.6,26.4
6/17/2021,30.3,23.7,27
6/18/2021,30.5,25.2,27.85
6/19/2021,30.7,24.7,27.7
6/20/2021,27.9,25,26.45
6/21/2021,30,25,27.5
6/22/2021,30.6,25.8,28.2
6/23/2021,33.2,25.5,29.35
6/24/2021,33.7,26.7,30.2
6/25/2021,32.7,27.2,29.95
6/26/2021,31.2,26.4,28.8
6/27/2021,33.4,27,30.2
6/28/2021,32.3,27.3,29.8
6/29/2021,33.8,27.4,30.6
6/30/2021,33.3,25.7,29.5
7/1/2021,30.5,24,27.25
7/2/2021,31,23.6,27.3
7/3/2021,33,25.5,29.25
7/4/2021,32.8,26.7,29.75
7/5/2021,32.2,26.8,29.5
7/6/2021,33.5,26.8,30.15
7/7/2021,32.2,27.6,29.9
7/8/2021,31.5,26.5,29
7/9/2021,34,26.3,30.15
7/10/2021,34.8,27.2,31
7/11/2021,34,27.8,30.9
7/12/2021,33,26.5,29.75
7/13/2021,33,27.2,30.1
7/14/2021,33.2,25.5,29.35
7/15/2021,34.7,26.5,30.6
7/16/2021,35,27.4,31.2
7/17/2021,32.8,27.8,30.3
7/18/2021,35.3,27.6,31.45
7/19/2021,34.4,27.4,30.9
7/20/2021,31.2,25.5,28.35
7/21/2021,32.9,26,29.45
7/22/2021,32.7,26.8,29.75
7/23/2021,30.4,26.7,28.55
7/24/2021,31.6,26,28.8
7/25/2021,33.7,26.4,30.05
7/26/2021,33.9,27.4,30.65
7/27/2021,31.5,26.4,28.95
7/28/2021,30,25.7,27.85
7/29/2021,30.2,25.7,27.95
7/30/2021,29.7,25.6,27.65
7/31/2021,30.8,25.4,28.1
8/1/2021,31.8,25.8,28.8
8/2/2021,31.2,27,29.1
8/3/2021,31.7,26.3,29
8/4/2021,33,26.5,29.75
8/5/2021,35.2,26.4,30.8
8/6/2021,34,25,29.5
8/7/2021,30.6,27.6,29.1
8/8/2021,31.3,25.1,28.2
8/9/2021,31,26.4,28.7
8/10/2021,32.7,27.5,30.1
8/11/2021,34.7,26.8,30.75
8/12/2021,33.3,27.5,30.4
8/13/2021,31.2,26.4,28.8
8/14/2021,33.7,26.3,30
8/15/2021,33.5,26.3,29.9
8/16/2021,32.2,27.3,29.75
8/17/2021,30.3,25.4,27.85
8/18/2021,29.8,25.4,27.6
8/19/2021,31,24.8,27.9
8/20/2021,30.4,25.5,27.95
8/21/2021,32.6,25.5,29.05
8/22/2021,34.6,26,30.3
8/23/2021,34.6,27,30.8
8/24/2021,34.7,27.4,31.05
8/25/2021,33.8,27.9,30.85
8/26/2021,32,28.2,30.1
8/27/2021,33.8,27,30.4
8/28/2021,32.2,25.6,28.9
8/29/2021,32.1,26.6,29.35
8/30/2021,32,26.4,29.2
8/31/2021,33.8,26,29.9
9/1/2021,34.1,26.3,30.2
9/2/2021,34.4,26.4,30.4
9/3/2021,32.7,26.5,29.6
9/4/2021,35,26,30.5
9/5/2021,34.8,27.5,31.15
9/6/2021,32.6,27.2,29.9
9/7/2021,32.2,25,28.6
9/8/2021,33.2,25.6,29.4
9/9/2021,33.9,25.5,29.7
9/10/2021,34.8,26.7,30.75
9/11/2021,34.1,26.7,30.4
9/12/2021,32.2,27.3,29.75
9/13/2021,32.2,26.2,29.2
9/14/2021,30,26.5,28.25
9/15/2021,34.2,25,29.6
9/16/2021,33.8,26,29.9
9/17/2021,31,26.5,28.75
9/18/2021,30.2,25.6,27.9
9/19/2021,28.6,25.5,27.05
9/20/2021,29.1,25,27.05
9/21/2021,31.2,26,28.6
9/22/2021,31.8,25.5,28.65
9/23/2021,35.2,25.7,30.45
9/24/2021,35.6,25.7,30.65
9/25/2021,33.8,25,29.4
9/26/2021,34.4,25.6,30
9/27/2021,34.1,26.7,30.4
9/28/2021,29.4,25.7,27.55
9/29/2021,31,24.4,27.7
9/30/2021,33.5,24.8,29.15
10/1/2021,34.3,25.6,29.95
10/2/2021,35.3,25.8,30.55
10/3/2021,33.7,26.5,30.1
10/4/2021,34.3,25.7,30
10/5/2021,34.3,26.5,30.4
10/6/2021,34.2,25.7,29.95
10/7/2021,35.2,25.8,30.5
10/8/2021,34.8,26.4,30.6
10/9/2021,34,26.1,30.05
10/10/2021,34.7,26.2,30.45
10/11/2021,35.7,26.3,31
10/12/2021,35.4,26.3,30.85
10/13/2021,33.7,25,29.35
10/14/2021,36,26.4,31.2
10/15/2021,36.3,26.1,31.2
10/16/2021,34,24.8,29.4
10/17/2021,34.4,26.7,30.55
10/18/2021,28.4,24.4,26.4
10/19/2021,29.5,23.8,26.65
10/20/2021,31.5,24.5,28
10/21/2021,32.6,25.7,29.15
10/22/2021,32.3,23.5,27.9
10/23/2021,32.7,22.5,27.6
10/24/2021,32.8,22.7,27.75
10/25/2021,32.6,23,27.8
10/26/2021,32.1,23.2,27.65
10/27/2021,30.2,24.4,27.3
10/28/2021,31.2,23.5,27.35
10/29/2021,34,24.4,29.2
10/30/2021,33.5,23.2,28.35
10/31/2021,32.3,22.1,27.2
11/1/2021,31.7,20.6,26.15
11/2/2021,30.7,18.7,24.7
11/3/2021,31.4,21.1,26.25
11/4/2021,31.5,19.4,25.45
11/5/2021,30.8,17,23.9
11/6/2021,30.8,17.5,24.15
11/7/2021,30.3,16.6,23.45
11/8/2021,31.3,16.5,23.9
11/9/2021,31.8,17.3,24.55
11/10/2021,32.5,18.5,25.5
11/11/2021,32,20,26
11/12/2021,32.6,21,26.8
11/13/2021,28.6,22.5,25.55
11/14/2021,28,21,24.5
11/15/2021,25.7,20.5,23.1
11/16/2021,29.2,21,25.1
11/17/2021,30.7,16.4,23.55
11/18/2021,31.7,15.7,23.7
11/19/2021,30.8,16.5,23.65
11/20/2021,30.5,17,23.75
11/21/2021,30,18.5,24.25
11/22/2021,31.6,17.8,24.7
11/23/2021,31.6,18.3,24.95
11/24/2021,31.6,18.1,24.85
11/25/2021,30.8,18.6,24.7
11/26/2021,29.7,17.4,23.55
11/27/2021,29,15.5,22.25
11/28/2021,29.7,14.1,21.9
11/29/2021,29.4,14.2,21.8
11/30/2021,30,14.2,22.1
12/1/2021,31.3,14.7,23
12/2/2021,31,15.4,23.2
12/3/2021,31,15.8,23.4
12/4/2021,26,18.3,22.15
12/5/2021,24.3,20.5,22.4
12/6/2021,23,20.6,21.8
12/7/2021,25.7,20.8,23.25
12/8/2021,28,19.5,23.75
12/9/2021,26.2,19.7,22.95
12/10/2021,28.6,20,24.3
12/11/2021,28.2,16.4,22.3
12/12/2021,27.4,15.5,21.45
12/13/2021,26.7,13,19.85
12/14/2021,26.8,13.3,20.05
12/15/2021,27,13.8,20.4
12/16/2021,27.5,13.8,20.65
12/17/2021,27.2,13.4,20.3
12/18/2021,27.2,11.5,19.35
12/19/2021,25,13.6,19.3
12/20/2021,24.4,9.9,17.15
12/21/2021,23.7,10.1,16.9
12/22/2021,24.6,12.6,18.6
12/23/2021,25,12,18.5
12/24/2021,25.4,12.2,18.8
12/25/2021,26.3,11.9,19.1
12/26/2021,27.2,12.6,19.9
12/27/2021,26.7,13.2,19.95
12/28/2021,27.2,12.7,19.95
12/29/2021,27.8,12.5,20.15
12/30/2021,27.4,13.6,20.5
12/31/2021,26.5,13.6,20.05
1/1/2022,26.4,13.3,19.85
1/2/2022,22.2,12.7,17.45
1/3/2022,26.2,11.8,19
1/4/2022,26.3,10.9,18.6
1/5/2022,26.9,11.6,19.25
1/6/2022,26.2,11.5,18.85
1/7/2022,28.5,11.5,20
1/8/2022,29.1,12.6,20.85
1/9/2022,29.2,13,21.1
1/10/2022,28.6,12.8,20.7
1/11/2022,29,13.8,21.4
1/12/2022,23.8,16.4,20.1
1/13/2022,25.3,16,20.65
1/14/2022,22.1,16,19.05
1/15/2022,22.5,14.7,18.6
1/16/2022,25,13,19
1/17/2022,25.8,10.8,18.3
1/18/2022,26.5,12.4,19.45
1/19/2022,25.2,12.4,18.8
1/20/2022,24.6,11.8,18.2
1/21/2022,26.2,11.9,19.05
1/22/2022,22,12.8,17.4
1/23/2022,25.7,12.5,19.1
1/24/2022,21.2,15.3,18.25
1/25/2022,27.2,14.3,20.75
1/26/2022,26.3,16.8,21.55
1/27/2022,24.2,17.2,20.7
1/28/2022,23.2,10.8,17
1/29/2022,21.6,9.4,15.5
1/30/2022,23,9.4,16.2
1/31/2022,25.2,9.6,17.4
2/1/2022,26.7,13.2,19.95
2/2/2022,28.6,12.6,20.6
2/3/2022,27.6,17.9,22.75
2/4/2022,27.4,16.2,21.8
2/5/2022,25.3,14.7,20
2/6/2022,23.5,10.2,16.85
2/7/2022,24.4,10.2,17.3
2/8/2022,25.7,10.5,18.1
2/9/2022,26.7,12,19.35
2/10/2022,26.4,13.5,19.95
2/11/2022,25.5,13,19.25
2/12/2022,25.2,12.4,18.8
2/13/2022,26.6,10.2,18.4
2/14/2022,27.9,11.3,19.6
2/15/2022,27.1,11,19.05
2/16/2022,27.7,10.4,19.05
2/17/2022,28.2,11,19.6
2/18/2022,28.1,11.2,19.65
2/19/2022,28.5,10.8,19.65
2/20/2022,28.3,12,20.15
2/21/2022,30.2,16,23.1
2/22/2022,29,16.8,22.9
2/23/2022,29.9,18.4,24.15
2/24/2022,30.8,17.8,24.3
2/25/2022,30.5,17.8,24.15
2/26/2022,31.8,16.7,24.25
2/27/2022,32,16.4,24.2
2/28/2022,31.8,17.4,24.6
3/1/2022,31,17.6,24.3
3/2/2022,31.4,15.4,23.4
3/3/2022,32.1,15,23.55
3/4/2022,32.1,15.2,23.65
3/5/2022,32.6,15.1,23.85
3/6/2022,32.2,17.3,24.75
3/7/2022,33.1,15,24.05
3/8/2022,32.5,18.1,25.3
3/9/2022,33.3,17.6,25.45
3/10/2022,33.7,17,25.35
3/11/2022,32.9,16.4,24.65
3/12/2022,33.2,16.5,24.85
3/13/2022,33.2,16.5,24.85
3/14/2022,34.5,17,25.75
3/15/2022,34.5,17.6,26.05
3/16/2022,36.4,18.2,27.3
3/17/2022,35.5,18.5,27
3/18/2022,36,19.8,27.9
3/19/2022,35.1,19,27.05
3/20/2022,35,19.5,27.25
3/21/2022,33,19.4,26.2
3/22/2022,34,22,28
3/23/2022,35.2,23,29.1
3/24/2022,33.3,24.7,29
3/25/2022,32.7,24.2,28.45
3/26/2022,31.7,26.3,29
3/27/2022,33.4,26.4,29.9
3/28/2022,34.3,25.4,29.85
3/29/2022,33.6,25.3,29.45
3/30/2022,33.7,25.7,29.7
3/31/2022,33.8,25.4,29.6
4/1/2022,33.1,25.2,29.15
4/2/2022,33,25.9,29.45
4/3/2022,32.6,26,29.3
4/4/2022,32.2,26,29.1
4/5/2022,34,24.4,29.2
4/6/2022,33.5,24.7,29.1
4/7/2022,34.3,23.7,29
4/8/2022,34.1,24.2,29.15
4/9/2022,33.7,25,29.35
4/10/2022,33.7,25.4,29.55
4/11/2022,33,26.5,29.75
4/12/2022,33,26,29.5
4/13/2022,34,25.7,29.85
4/14/2022,33,26.7,29.85
4/15/2022,34,27.3,30.65
4/16/2022,33.7,27.3,30.5
4/17/2022,33.8,26.7,30.25
4/18/2022,34,26.5,30.25
4/19/2022,34.6,26.3,30.45
4/20/2022,27.8,26.4,27.1
4/21/2022,32.7,22.4,27.55
4/22/2022,33.4,25.6,29.5
4/23/2022,35.9,22,28.95
4/24/2022,35.9,27,31.45
4/25/2022,36.2,27,31.6
4/26/2022,35.5,27.7,31.6
4/27/2022,35.5,27,31.25
4/28/2022,36,26.3,31.15
4/29/2022,35.6,26,30.8
4/30/2022,34.6,25.5,30.05
5/1/2022,35.2,21.5,28.35
5/2/2022,33.7,23,28.35
5/3/2022,31,26.3,28.65
5/4/2022,32,22.5,27.25
5/5/2022,33.8,24,28.9
5/6/2022,33.8,24,28.9
5/7/2022,34.8,24.7,29.75
5/8/2022,35.2,24.7,29.95
5/9/2022,29.8,26.5,28.15
5/10/2022,32.3,24.7,28.5
5/11/2022,32.7,26.4,29.55
5/12/2022,33.9,25.2,29.55
5/13/2022,33.5,27.6,30.55
5/14/2022,33.6,26.8,30.2
5/15/2022,34.7,28.2,31.45
5/16/2022,35,28,31.5
5/17/2022,35.1,28.4,31.75
5/18/2022,35.5,28.4,31.95
5/19/2022,35.7,27.6,31.65
5/20/2022,34,25.5,29.75
5/21/2022,30.5,21.4,25.95
5/22/2022,34.2,21.2,27.7
5/23/2022,33.9,26.5,30.2
5/24/2022,36,24.8,30.4
5/25/2022,35.6,24.8,30.2
5/26/2022,35.4,24.3,29.85
5/27/2022,33.5,24.6,29.05
5/28/2022,35.5,22.5,29
5/29/2022,30.2,24.8,27.5
5/30/2022,31.5,24,27.75
5/31/2022,32.8,25.4,29.1
6/1/2022,31.5,26.2,28.85
6/2/2022,33.6,26.5,30.05
6/3/2022,31.1,27,29.05
6/4/2022,33.6,26.7,30.15
6/5/2022,34.7,27.8,31.25
6/6/2022,35.4,27.8,31.6
6/7/2022,35.2,26.8,31
6/8/2022,35,27.7,31.35
6/9/2022,33.4,28.7,31.05
6/10/2022,34.6,22,28.3
6/11/2022,34.4,26.7,30.55
6/12/2022,35,28.5,31.75
6/13/2022,34.9,28.3,31.6
6/14/2022,34,28.7,31.35
6/15/2022,34.2,27.7,30.95
6/16/2022,31.4,26.7,29.05
6/17/2022,31.6,27.5,29.55
6/18/2022,31.6,25,28.3
6/19/2022,32,24.9,28.45
6/20/2022,32.5,24.6,28.55
6/21/2022,33,24.8,28.9
6/22/2022,30,25.5,27.75
6/23/2022,32.4,25.4,28.9
6/24/2022,32,25.8,28.9
6/25/2022,33,25.5,29.25
6/26/2022,33.4,25.5,29.45
6/27/2022,33.5,26,29.75
6/28/2022,33.3,25.5,29.4
6/29/2022,31.4,26.8,29.1
6/30/2022,31.3,26.2,28.75
7/1/2022,32.2,26,29.1
7/2/2022,31.6,26.2,28.9
7/3/2022,33.2,26,29.6
7/4/2022,33.8,27,30.4
7/5/2022,34,27.2,30.6
7/6/2022,31.4,26.4,28.9
7/7/2022,33.2,27.2,30.2
7/8/2022,33.2,27,30.1
7/9/2022,33.6,27.2,30.4
7/10/2022,33.6,26.8,30.2
7/11/2022,33,26.5,29.75
7/12/2022,33.4,27,30.2
7/13/2022,34.2,27.6,30.9
7/14/2022,33.4,28.2,30.8
7/15/2022,33.8,28,30.9
7/16/2022,33.7,27.6,30.65
7/17/2022,33.1,26.5,29.8
7/18/2022,32.8,27,29.9
7/19/2022,33.2,26.8,30
7/20/2022,33.2,27.4,30.3
7/21/2022,33.2,27.3,30.25
7/22/2022,33.9,27.3,30.6
7/23/2022,31.8,26.6,29.2
7/24/2022,28,25.3,26.65
7/25/2022,31,25.3,28.15
7/26/2022,31.5,25.7,28.6
7/27/2022,34.1,25.4,29.75
7/28/2022,35,26.6,30.8
7/29/2022,35.8,26.3,31.05
7/30/2022,35.6,27.1,31.35
7/31/2022,35,27,31
8/1/2022,34.7,27.6,31.15
8/2/2022,34.3,26,30.15
8/3/2022,32.2,25.4,28.8
8/4/2022,33,26.5,29.75
8/5/2022,33.5,26.4,29.95
8/6/2022,32,27.4,29.7
8/7/2022,33.2,27.4,30.3
8/8/2022,32.8,26.5,29.65
8/9/2022,32,25.4,28.7
8/10/2022,30.2,25,27.6
8/11/2022,30,25.5,27.75
8/12/2022,33,25.4,29.2
8/13/2022,31.2,26.7,28.95
8/14/2022,28.4,25.6,27
8/15/2022,31.3,24.8,28.05
8/16/2022,34.5,26.2,30.35
8/17/2022,35.6,26.7,31.15
8/18/2022,36.6,27.8,32.2
8/19/2022,29.5,25.6,27.55
8/20/2022,33,26.8,29.9
8/21/2022,33.8,26.7,30.25
8/22/2022,34.3,26.6,30.45
8/23/2022,32.4,25.8,29.1
8/24/2022,29.4,26.6,28
8/25/2022,34.2,25,29.6
8/26/2022,34.9,26,30.45
8/27/2022,32,27.2,29.6
8/28/2022,32.3,26.6,29.45
8/29/2022,34.2,26.1,30.15
8/30/2022,36.1,26,31.05
8/31/2022,35.5,26.8,31.15
9/1/2022,33.8,27.9,30.85
9/2/2022,34,27.4,30.7
9/3/2022,34.2,27.2,30.7
9/4/2022,33.5,27.4,30.45
9/5/2022,32.5,25.7,29.1
9/6/2022,34.5,26.2,30.35
9/7/2022,35,26.7,30.85
9/8/2022,35.4,26.3,30.85
9/9/2022,35.3,26.4,30.85
9/10/2022,33.2,27.4,30.3
9/11/2022,28.5,25,26.75
9/12/2022,27.8,24.4,26.1
9/13/2022,26.2,24.8,25.5
9/14/2022,29.3,24.7,27
9/15/2022,30.8,24.7,27.75
9/16/2022,33,24.9,28.95
9/17/2022,34.2,24.9,29.55
9/18/2022,30.8,25.7,28.25
9/19/2022,33.2,25.8,29.5
9/20/2022,31.4,25.4,28.4
9/21/2022,33,26,29.5
9/22/2022,34,26,30
9/23/2022,34.2,26,30.1
9/24/2022,33.2,25.8,29.5
9/25/2022,32,25.5,28.75
9/26/2022,33.2,25.6,29.4
9/27/2022,33.5,25.6,29.55
9/28/2022,34.7,26,30.35
9/29/2022,35.6,25.6,30.6
9/30/2022,35.5,26.3,30.9
10/1/2022,34.3,26.4,30.35
10/2/2022,30.4,24.7,27.55
10/3/2022,28.3,25.8,27.05
10/4/2022,32.8,24.2,28.5
10/5/2022,33.6,25.6,29.6
10/6/2022,32.3,25.3,28.8
10/7/2022,33.7,24.4,29.05
10/8/2022,34,25.2,29.6
10/9/2022,34.7,25.3,30
10/10/2022,33.2,25.8,29.5
10/11/2022,33,25.5,29.25
10/12/2022,32.4,24.9,28.65
10/13/2022,33.5,24.5,29
10/14/2022,32.7,24.4,28.55
10/15/2022,33.6,25.4,29.5
10/16/2022,34,23.1,28.55
10/17/2022,33.8,23,28.4
10/18/2022,34.2,23.4,28.8
10/19/2022,33.2,24.8,29
10/20/2022,33.6,23.2,28.4
10/21/2022,34.1,23,28.55
10/22/2022,34.7,23,28.85
10/23/2022,30.5,25.4,27.95
10/24/2022,23.2,22.1,22.65
10/25/2022,28.8,21.2,25
10/26/2022,32.4,20.5,26.45
10/27/2022,31.3,21.5,26.4
10/28/2022,31.2,20.2,25.7
10/29/2022,31.2,20.2,25.7
10/30/2022,32.5,19.8,26.15
10/31/2022,33.4,21.6,27.5
11/1/2022,33.5,22.9,28.2
11/2/2022,33,23.3,28.15
11/3/2022,31.3,20.8,26.05
11/4/2022,31.3,19.8,25.55
11/5/2022,31.2,18.8,25
11/6/2022,32.2,19.5,25.85
11/7/2022,31.2,18.4,24.8
11/8/2022,30.9,18.1,24.5
11/9/2022,31.5,18.7,25.1
11/10/2022,30.7,19.2,24.95
11/11/2022,31.3,19.2,25.25
11/12/2022,31,18.7,24.85
11/13/2022,30.3,19,24.65
11/14/2022,30.5,16,23.25
11/15/2022,30.3,16,23.15
11/16/2022,30.4,17,23.7
11/17/2022,30.3,16.5,23.4
11/18/2022,29.8,16.5,23.15
11/19/2022,31,16,23.5
11/20/2022,31.6,18.7,25.15
11/21/2022,31.3,18.2,24.75
11/22/2022,30,16.2,23.1
11/23/2022,29.2,15.2,22.2
11/24/2022,29.2,15,22.1
11/25/2022,30.1,15.5,22.8
11/26/2022,30.3,15.6,22.95
11/27/2022,31,15.4,23.2
11/28/2022,31,17,24
11/29/2022,31,21.4,26.2
11/30/2022,31,21.5,26.25
12/1/2022,30.5,18.8,24.65
12/2/2022,29.5,15.6,22.55
12/3/2022,29.1,14.6,21.85
12/4/2022,29,14.3,21.65
12/5/2022,29.4,14.6,22
12/6/2022,29,14.5,21.75
12/7/2022,28.5,15,21.75
12/8/2022,28.2,15.2,21.7
12/9/2022,29.3,13.6,21.45
12/10/2022,28.3,14.2,21.25
12/11/2022,29.6,15,22.3
12/12/2022,28.8,13.8,21.3
12/13/2022,28.5,14.7,21.6
12/14/2022,29.3,15.4,22.35
12/15/2022,27.5,13.4,20.45
12/16/2022,26.6,11.8,19.2
12/17/2022,26,12,19
12/18/2022,28.3,12.5,20.4
12/19/2022,27.6,13.4,20.5
12/20/2022,27.8,14.2,21
12/21/2022,27,14.1,20.55
12/22/2022,27,14.1,20.55
12/23/2022,27.8,13,20.4
12/24/2022,27.3,10.4,18.85
12/25/2022,28.4,12.4,20.4
12/26/2022,30,13.8,21.9
12/27/2022,27.2,17.5,22.35
12/28/2022,25.5,19,22.25
12/29/2022,25.6,13.2,19.4
12/30/2022,24.3,10.8,17.55
12/31/2022,25.2,12,18.6
1/1/2023,25,11.9,18.45
1/2/2023,26,12.3,19.15
1/3/2023,25.4,11.6,18.5
1/4/2023,22.4,13.1,17.75
1/5/2023,21.5,12.6,17.05
1/6/2023,21.6,10.7,16.15
1/7/2023,19.5,9.5,14.5
1/8/2023,20.6,11.7,16.15
1/9/2023,28.8,12,20.4
1/10/2023,28.8,12.2,20.5
1/11/2023,27,10.5,18.75
1/12/2023,25.5,8.4,16.95
1/13/2023,27.5,9.7,18.6
1/14/2023,27.6,13.6,20.6
1/15/2023,26.2,15.8,21
1/16/2023,25.6,12.6,19.1
1/17/2023,25,12,18.5
1/18/2023,23.4,12.6,18
1/19/2023,25.3,11.2,18.25
1/20/2023,25.8,8.4,17.1
1/21/2023,27.2,8.6,17.9
1/22/2023,28,11,19.5
1/23/2023,28,13.5,20.75
1/24/2023,29.4,14.3,21.85
1/25/2023,30,13.8,21.9
1/26/2023,29.8,15.5,22.65
1/27/2023,29.5,15.4,22.45
1/28/2023,28.9,15,21.95
1/29/2023,27.8,14.8,21.3
1/30/2023,29.5,12.5,21
1/31/2023,29.6,14.8,22.2
2/1/2023,28,17.8,22.9
2/2/2023,26.8,14.8,20.8
2/3/2023,27.5,11.2,19.35
2/4/2023,27.3,11.7,19.5
2/5/2023,28,12.5,20.25
2/6/2023,28.9,11.8,20.35
2/7/2023,29.7,14.3,22
2/8/2023,30.3,18,24.15
2/9/2023,29,19.8,24.4
2/10/2023,30,16.5,23.25
2/11/2023,30.5,14.5,22.5
2/12/2023,29.8,17.6,23.7
2/13/2023,28.5,12.8,20.65
2/14/2023,28,11,19.5
2/15/2023,27.8,12,19.9
2/16/2023,28.6,12.5,20.55
2/17/2023,30,15,22.5
2/18/2023,30.4,17.2,23.8
2/19/2023,29.6,18.3,23.95
2/20/2023,30,17.6,23.8
2/21/2023,30.8,21,25.9
2/22/2023,31.5,23,27.25
2/23/2023,32.8,22.4,27.6
2/24/2023,32.3,22.5,27.4
2/25/2023,32,21.2,26.6
2/26/2023,33.6,17.5,25.55
2/27/2023,33.2,17,25.1
2/28/2023,33.4,19.4,26.4
3/1/2023,33,16.3,24.65
3/2/2023,34,16.8,25.4
3/3/2023,34.5,17.6,26.05
3/4/2023,34.7,17.4,26.05
3/5/2023,34.5,18.2,26.35
3/6/2023,33.5,17.8,25.65
3/7/2023,34.3,17.6,25.95
3/8/2023,32.8,18.4,25.6
3/9/2023,31.8,17.8,24.8
3/10/2023,33,18.8,25.9
3/11/2023,33.5,19,26.25
3/12/2023,34.6,17.2,25.9
3/13/2023,34.7,17.6,26.15
3/14/2023,33.1,19.5,26.3
3/15/2023,31.8,19.5,25.65
3/16/2023,32,22.3,27.15
3/17/2023,30.7,21,25.85
3/18/2023,29.8,21.7,25.75
3/19/2023,28,20.6,24.3
3/20/2023,28.7,19.6,24.15
3/21/2023,31.8,19.7,25.75
3/22/2023,31.7,18.8,25.25
3/23/2023,30.8,21,25.9
3/24/2023,32.5,19,25.75
3/25/2023,33.5,23.6,28.55
3/26/2023,33.6,21.5,27.55
3/27/2023,31.3,21.4,26.35
3/28/2023,34,21.6,27.8
3/29/2023,32.2,23.3,27.75
3/30/2023,33.4,20.6,27
3/31/2023,30.7,21.3,26
4/1/2023,26.3,20.6,23.45
4/2/2023,32.4,20.5,26.45
4/3/2023,34.3,22.5,28.4
4/4/2023,34.3,24,29.15
4/5/2023,34.8,25.5,30.15
4/6/2023,35.8,26,30.9
4/7/2023,35.4,23.7,29.55
4/8/2023,36.8,22,29.4
4/9/2023,37,23.3,30.15
4/10/2023,37,23.4,30.2
4/11/2023,38.2,24.2,31.2
4/12/2023,37.8,24.6,31.2
4/13/2023,39.3,23.3,31.3
4/14/2023,39.5,24.4,31.95
4/15/2023,38.6,25,31.8
4/16/2023,39.4,27,33.2
4/17/2023,36.7,27.4,32.05
4/18/2023,36.4,27.4,31.9
4/19/2023,35.6,27.4,31.5
4/20/2023,34.4,28,31.2
4/21/2023,35.5,23,29.25
4/22/2023,29.9,23.4,26.65
4/23/2023,29.9,21.8,25.85
4/24/2023,34.5,20.7,27.6
4/25/2023,35.3,21,28.15
4/26/2023,35.6,22.7,29.15
4/27/2023,36.4,22.5,29.45
4/28/2023,34.2,22,28.1
4/29/2023,36.1,22,29.05
4/30/2023,35.1,22,28.55
5/1/2023,33.8,23.2,28.5
5/2/2023,36,22.8,29.4
5/3/2023,35,24,29.5
5/4/2023,31.3,22.4,26.85
5/5/2023,34,23.6,28.8
5/6/2023,35,24.8,29.9
5/7/2023,37,24.5,30.75
5/8/2023,38.2,25.4,31.8
5/9/2023,38.2,26.2,32.2
5/10/2023,37.4,27.4,32.4
5/11/2023,36.7,26.8,31.75
5/12/2023,35.8,25.6,30.7
5/13/2023,31.7,26.5,29.1
5/14/2023,29.7,25.3,27.5
5/15/2023,34.4,20.3,27.35
5/16/2023,34.4,20.3,27.35
5/17/2023,33.6,22.2,27.9
5/18/2023,29.5,20,24.75
5/19/2023,34.6,19.8,27.2
5/20/2023,34.3,24.4,29.35
5/21/2023,35.8,26.6,31.2
5/22/2023,35.4,23.6,29.5
5/23/2023,35.4,27.7,31.55
5/24/2023,27.5,20.5,24
5/25/2023,34.3,23,28.65
5/26/2023,34.5,23.6,29.05
5/27/2023,33.5,22.6,28.05
5/28/2023,35.4,23.3,29.35
5/29/2023,36,24.2,30.1
5/30/2023,37,25.3,31.15
5/31/2023,37.4,26.8,32.1
6/1/2023,36.2,27.4,31.8
6/2/2023,36.7,28,32.35
6/3/2023,36.7,27.8,32.25
6/4/2023,36.7,28,32.35
6/5/2023,37.5,27.5,32.5
6/6/2023,37.6,28.3,32.95
6/7/2023,33.4,28.6,31
6/8/2023,30,29.5,29.75
6/9/2023,30.9,25,27.95
6/10/2023,31.4,25.5,28.45
6/11/2023,32,25.8,28.9
6/12/2023,34.8,27,30.9
6/13/2023,35.4,24.6,30
6/14/2023,36.3,25.3,30.8
6/15/2023,36,23.7,29.85
6/16/2023,34,25.6,29.8
6/17/2023,33,28.4,30.7
6/18/2023,33.5,28.3,30.9
6/19/2023,33.9,27.8,30.85
6/20/2023,33.8,26.3,30.05
6/21/2023,33.5,27.5,30.5
6/22/2023,32.5,27,29.75
6/23/2023,32.6,27.2,29.9
6/24/2023,32.3,26.6,29.45
6/25/2023,32.3,26.6,29.45
6/26/2023,30,25.8,27.9
6/27/2023,27.3,25.4,26.35
6/28/2023,31.4,26,28.7
6/29/2023,30.5,25.2,27.85
6/30/2023,33.8,25,29.4
7/1/2023,34,24.4,29.2
7/2/2023,34.2,27.3,30.75
7/3/2023,34.5,26.5,30.5
7/4/2023,34.5,26.5,30.5
7/5/2023,32.5,26.4,29.45
7/6/2023,32.7,27.3,30
7/7/2023,32.2,26.6,29.4
7/8/2023,33,27.2,30.1
7/9/2023,33.8,27.2,30.5
7/10/2023,31.3,27.7,29.5
7/11/2023,32.4,27.5,29.95
7/12/2023,33.2,26.4,29.8
7/13/2023,33,26.8,29.9
7/14/2023,32.6,26.5,29.55
7/15/2023,32.5,26.3,29.4
7/16/2023,32.5,25.5,29
7/17/2023,33,26,29.5
7/18/2023,33.5,27,30.25
7/19/2023,34,27.4,30.7
7/20/2023,33.5,27.6,30.55
7/21/2023,33.5,27.5,30.5
7/22/2023,33.8,27.4,30.6
7/23/2023,34,27.4,30.7
7/24/2023,34.3,27.5,30.9
7/25/2023,33.4,27.3,30.35
7/26/2023,33,27.5,30.25
7/27/2023,33.3,26.7,30
7/28/2023,33.2,26.5,29.85
7/29/2023,34.2,26.8,30.5
7/30/2023,34.8,27,30.9
7/31/2023,35,28.2,31.6
8/1/2023,32.5,27,29.75
8/2/2023,31.5,26.2,28.85
8/3/2023,29.8,26,27.9
8/4/2023,30.4,25.3,27.85
8/5/2023,29,26.2,27.6
8/6/2023,28,25.8,26.9
8/7/2023,26.7,26.3,26.5
8/8/2023,29,25.4,27.2
8/9/2023,32.7,25.6,29.15
8/10/2023,33.2,25.6,29.4
8/11/2023,31.6,26.2,28.9
8/12/2023,30.7,26.2,28.45
8/13/2023,28.6,25.4,27
8/14/2023,31.1,24.8,27.95
8/15/2023,33.1,26.8,29.95
8/16/2023,33.7,27,30.35
8/17/2023,34.2,27.4,30.8
8/18/2023,32.8,27.5,30.15
8/19/2023,32.8,27.2,30
8/20/2023,35.4,26.8,31.1
8/21/2023,34.2,26.5,30.35
8/22/2023,33.1,27.8,30.45
8/23/2023,32.2,25.5,28.85
8/24/2023,31.9,26.4,29.15
8/25/2023,29.2,26,27.6
8/26/2023,32.5,26,29.25
8/27/2023,30.2,25.8,28
8/28/2023,31.6,26.8,29.2
8/29/2023,34,26.2,30.1
8/30/2023,36.3,26.7,31.5
8/31/2023,34.6,27.8,31.2
9/1/2023,34.3,26.5,30.4
9/2/2023,34.8,25.5,30.15
9/3/2023,33.6,25,29.3
9/4/2023,33.6,26.8,30.2
9/5/2023,34.4,24.6,29.5
9/6/2023,34.1,25.8,29.95
9/7/2023,31.2,26,28.6
9/8/2023,28.2,26.2,27.2
9/9/2023,34.7,25.9,30.3
9/10/2023,36,26.6,31.3
9/11/2023,32.6,27.3,29.95
9/12/2023,33.7,27,30.35
9/13/2023,33,26.6,29.8
9/14/2023,29.3,26.4,27.85
9/15/2023,33.5,25.7,29.6
9/16/2023,34.4,26,30.2
9/17/2023,36.3,26.8,31.55
9/18/2023,31.8,25.2,28.5
9/19/2023,32,25.4,28.7
9/20/2023,29.6,25,27.3
9/21/2023,32,25.9,28.95
9/22/2023,31,26.5,28.75
9/23/2023,32.9,26.1,29.5
9/24/2023,32.6,25,28.8
9/25/2023,33,25.8,29.4
9/26/2023,35,25.5,30.25
9/27/2023,31.2,26.2,28.7
9/28/2023,35.5,26.2,30.85
9/29/2023,30.5,26.5,28.5
9/30/2023,31.2,25.7,28.45
10/1/2023,32.5,26,29.25
10/2/2023,32.1,25.8,28.95
10/3/2023,28.5,26,27.25
10/4/2023,29,25.3,27.15
10/5/2023,31.6,24.3,27.95
10/6/2023,30.6,26.5,28.55
10/7/2023,28.2,27,27.6
10/8/2023,32.4,24.7,28.55
10/9/2023,34,25.4,29.7
10/10/2023,34.4,26.5,30.45
10/11/2023,34.1,26.8,30.45
10/12/2023,34.4,25.4,29.9
10/13/2023,34.5,25,29.75
10/14/2023,34.5,25,29.75
10/15/2023,34,24.8,29.4
10/16/2023,33.1,23.4,28.25
10/17/2023,34,23.7,28.85
10/18/2023,33.6,23.5,28.55
10/19/2023,33,23.4,28.2
10/20/2023,33.1,22.3,27.7
10/21/2023,33.4,21.5,27.45
10/22/2023,34.1,23,28.55
10/23/2023,29,24.5,26.75
10/24/2023,26.6,23.7,25.15
10/25/2023,33,24,28.5
10/26/2023,33.5,23.8,28.65
10/27/2023,33,21.7,27.35
10/28/2023,32.7,21.8,27.25
10/29/2023,32.5,20.4,26.45
10/30/2023,32.5,19.8,26.15
10/31/2023,33.9,19.8,26.85
11/1/2023,34.4,21.8,28.1
11/2/2023,34,22.6,28.3
11/3/2023,32.8,22,27.4
11/4/2023,31.7,23.3,27.5
11/5/2023,31.8,23.2,27.5
11/6/2023,32.2,21.2,26.7
11/7/2023,31.1,19.4,25.25
11/8/2023,31.2,19,25.1
11/9/2023,31.2,19,25.1
11/10/2023,31.5,18.3,24.9
11/11/2023,31.6,17.8,24.7
11/12/2023,31.5,18.4,24.95
11/13/2023,32.2,18.3,25.25
11/14/2023,32.7,18.6,25.65
11/15/2023,32.2,19.5,25.85
11/16/2023,26.6,23,24.8
11/17/2023,22.8,22,22.4
11/18/2023,28.6,20.2,24.4
11/19/2023,29.6,19.6,24.6
11/20/2023,30.1,19.7,24.9
11/21/2023,28.2,21.8,25
11/22/2023,30,19,24.5
11/23/2023,28.7,16.9,22.8
11/24/2023,29.5,16.8,23.15
11/25/2023,30,17.6,23.8
11/26/2023,30.5,16.8,23.65
11/27/2023,31.8,17,24.4
11/28/2023,32,18.5,25.25
11/29/2023,28.8,18,23.4
11/30/2023,31,18,24.5
12/1/2023,31.5,17.7,24.6
12/2/2023,31,17.7,24.35
12/3/2023,30.8,18.6,24.7
12/4/2023,28.2,18.4,23.3
12/5/2023,27,21,24
12/6/2023,28.5,21.3,24.9
12/7/2023,24.3,20.2,22.25
12/8/2023,23.5,19.8,21.65
12/9/2023,27.3,18.4,22.85
12/10/2023,26.2,16.3,21.25
12/11/2023,26.4,14.7,20.55
12/12/2023,25.6,15,20.3
12/13/2023,26.9,14.5,20.7
12/14/2023,26.2,12.3,19.25
12/15/2023,26.5,12,19.25
12/16/2023,27,12.7,19.85
12/17/2023,27,12.8,19.9
12/18/2023,26.7,12.5,19.6
12/19/2023,26.5,13.4,19.95
12/20/2023,27.3,13,20.15
12/21/2023,27.1,12.5,19.8
12/22/2023,27.5,12.9,20.2
12/23/2023,26.8,13.8,20.3
12/24/2023,27.8,14.6,21.2
12/25/2023,26.5,16.7,21.6
12/26/2023,27,15.5,21.25
12/27/2023,27.8,15,21.4
12/28/2023,27.8,15,21.4
12/29/2023,28.6,14.5,21.55
12/30/2023,28.7,14.5,21.6
12/31/2023,25.4,15.4,20.4
1/1/2024,25.5,15.4,20.45
1/2/2024,25.9,14,19.95
1/3/2024,24,13.4,18.7
1/4/2024,26.4,13.7,20.05
1/5/2024,26.2,13.5,19.85
1/6/2024,26.7,13.3,20
1/7/2024,27.4,13.5,20.45
1/8/2024,27,14.2,20.6
1/9/2024,25.2,14,19.6
1/10/2024,25.7,12.2,18.95
1/11/2024,25.3,13,19.15
1/12/2024,17.6,11.5,14.55
1/13/2024,18.7,10.7,14.7
1/14/2024,17.4,10.5,13.95
1/15/2024,22.4,9,15.7
1/16/2024,22.4,10.8,16.6
1/17/2024,22.2,9.7,15.95
1/18/2024,18.2,11.5,14.85
1/19/2024,26.1,13.5,19.8
1/20/2024,24.6,14.3,19.45
1/21/2024,23.3,12.2,17.75
1/22/2024,20.3,11.4,15.85
1/23/2024,23.5,8.4,15.95
1/24/2024,23.3,10.5,16.9
1/25/2024,23.5,13.3,18.4
1/26/2024,25.5,13.2,19.35
1/27/2024,24.5,10.2,17.35
1/28/2024,26.3,8.8,17.55
1/29/2024,26.4,9.5,17.95
1/30/2024,27,10.5,18.75
1/31/2024,25.2,15,20.1
2/1/2024,26.3,15.7,21
2/2/2024,27.6,17.4,22.5
2/3/2024,28.3,19.3,23.8
2/4/2024,28.7,15.6,22.15
2/5/2024,30.1,14.3,22.2
2/6/2024,26.7,17.5,22.1
2/7/2024,26.8,19.4,23.1
2/8/2024,26.6,13.4,20
2/9/2024,26.5,11.3,18.9
2/10/2024,27,11,19
2/11/2024,28.4,12.5,20.45
2/12/2024,29.2,13.8,21.5
2/13/2024,30,14,22
2/14/2024,29.6,15.3,22.45
2/15/2024,30.6,16.4,23.5
2/16/2024,30.2,17.5,23.85
2/17/2024,29.6,15,22.3
2/18/2024,30,13.6,21.8
2/19/2024,30.4,15.3,22.85
2/20/2024,30.7,20.4,25.55
2/21/2024,32.5,22.5,27.5
2/22/2024,30,21.3,25.65
2/23/2024,27.5,21.4,24.45
2/24/2024,29.8,18.2,24
2/25/2024,27,18.4,22.7
2/26/2024,29.2,17,23.1
2/27/2024,30.6,15.5,23.05
2/28/2024,31.1,17.6,24.35
2/29/2024,31.6,18,24.8
3/1/2024,32,16.4,24.2
3/2/2024,31.7,15.6,23.65
3/3/2024,32.2,17.6,24.9
3/4/2024,29.5,19.4,24.45
3/5/2024,32.2,19.3,25.75
3/6/2024,30.7,18,24.35
3/7/2024,31,16.1,23.55
3/8/2024,32,17,24.5
3/9/2024,31.2,15.7,23.45
3/10/2024,31,15,23
3/11/2024,32.4,14.3,23.35
3/12/2024,32.8,16.7,24.75
3/13/2024,34.2,24,29.1
3/14/2024,31.1,24.8,27.95
3/15/2024,33.3,23.4,28.35
3/16/2024,34.1,21.5,27.8
3/17/2024,32,21.4,26.7
3/18/2024,32.8,20.6,26.7
3/19/2024,31,20,25.5
3/20/2024,29.5,22.8,26.15
3/21/2024,27.4,19.8,23.6
3/22/2024,29.6,18.5,24.05
3/23/2024,32.5,19.3,25.9
3/24/2024,33.2,24,28.6
3/25/2024,34.3,21.5,27.9
3/26/2024,33.7,20.7,27.2
3/27/2024,33.8,23.2,28.5
3/28/2024,33.8,23.2,28.5
3/29/2024,33.2,23.5,28.35
3/30/2024,34.7,25.5,30.1
3/31/2024,34,23.3,28.65
4/1/2024,37.6,26,31.8
4/2/2024,34,26.5,30.25
4/3/2024,35.5,27.2,31.35
4/4/2024,35.1,26.4,30.75
4/5/2024,34.2,26.5,30.35
4/6/2024,36.2,27.8,32
4/7/2024,32.7,26.5,29.6
4/8/2024,33.8,24.2,29
4/9/2024,34.8,22.8,28.8
4/10/2024,35,23.5,29.25
4/11/2024,36,22.2,29.1
4/12/2024,36.3,24.8,30.55
4/13/2024,36.6,24.7,30.65
4/14/2024,37.1,23.1,30.1
4/15/2024,37.6,24,30.8
4/16/2024,37.7,25.5,31.6
4/17/2024,37.2,24.7,30.95
4/18/2024,36.1,26.5,31.3
4/19/2024,38.2,27.8,33
4/20/2024,39,27.6,33.3
4/21/2024,36.5,28.5,32.5
4/22/2024,36.9,28.3,32.6
4/23/2024,38.4,27.8,33.1
4/24/2024,38.1,27.6,32.85
4/25/2024,37.7,27.4,32.55
4/26/2024,37.5,28,32.75
4/27/2024,36.5,27.7,32.1
4/28/2024,38,28.2,33.1
4/29/2024,38.3,28.7,33.5
4/30/2024,37.7,28,32.85
5/1/2024,38,28.5,33.25
5/2/2024,37,28.4,32.7
5/3/2024,37.2,26.6,31.9
5/4/2024,36.8,27.8,32.3
5/5/2024,36.2,28,32.1
5/6/2024,35.2,25,30.1
5/7/2024,31.7,21.4,26.55
5/8/2024,31.3,20.6,25.95
5/9/2024,34.1,23,28.55
5/10/2024,34.6,24.4,29.5
5/11/2024,33,25.4,29.2
5/12/2024,32.7,23.8,28.25
5/13/2024,34.2,23.2,28.7
5/14/2024,35.1,25.4,30.25
5/15/2024,35.6,26.6,31.1
5/16/2024,37,26.5,31.75
5/17/2024,36.5,27.5,32
5/18/2024,35.6,28.3,31.95
5/19/2024,36.5,26.3,31.4
5/20/2024,35.1,25,30.05
5/21/2024,34.9,24,29.45
5/22/2024,35,26.6,30.8
5/23/2024,37.5,26.5,32
5/24/2024,37.6,26.4,32
5/25/2024,36.4,28.3,32.35
5/26/2024,33.2,26.6,29.9
5/27/2024,28,26.5,27.25
5/28/2024,31.6,25.8,28.7
5/29/2024,34.2,27.6,30.9
5/30/2024,34.5,29.4,31.95
5/31/2024,34,27.5,30.75
6/1/2024,36.5,28.3,32.4
6/2/2024,36.2,28.6,32.4
6/3/2024,35.6,28.7,32.15
6/4/2024,34.8,25.5,30.15
6/5/2024,36.4,27.7,32.05
6/6/2024,37.3,28.8,33.05
6/7/2024,36.5,27.5,32
6/8/2024,36.4,29.4,32.9
6/9/2024,35.7,29.4,32.55
6/10/2024,35.6,29,32.3
6/11/2024,36.6,29,32.8
6/12/2024,35.2,29,32.1
6/13/2024,34.6,29.3,31.95
6/14/2024,34,27.2,30.6
6/15/2024,35,29.1,32.05
6/16/2024,35.7,29.3,32.5
6/17/2024,35.5,29.5,32.5
6/18/2024,34.4,29.5,31.95
6/19/2024,28.5,27,27.75
6/20/2024,31.1,25.4,28.25
6/21/2024,33,25,29
6/22/2024,33.4,27.5,30.45
6/23/2024,34.2,27.5,30.85
6/24/2024,34.6,27.8,31.2
6/25/2024,34.7,27.7,31.2
6/26/2024,32.8,27.8,30.3
6/27/2024,34.1,26.8,30.45
6/28/2024,32.2,26.6,29.4
6/29/2024,32.6,27.5,30.05
6/30/2024,32.2,27.2,29.7
7/1/2024,30.4,24.5,27.45
7/2/2024,31.1,28,29.55
7/3/2024,30.4,28.2,29.3
7/4/2024,30.4,27.4,28.9
7/5/2024,28,27.2,27.6
7/6/2024,32.5,27.3,29.9
7/7/2024,33.4,27.2,30.3
7/8/2024,33.6,27,30.3
7/9/2024,32.7,27,29.85
7/10/2024,33,27.4,30.2
7/11/2024,34.8,27,30.9
7/12/2024,31.3,26.5,28.9
7/13/2024,34.2,26.9,30.55
7/14/2024,34.1,26.2,30.15
7/15/2024,34.2,26.7,30.45
7/16/2024,33.7,25.6,29.65
7/17/2024,35.4,26,30.7
7/18/2024,35.5,27,31.25
7/19/2024,34.5,27.7,31.1
7/20/2024,33,27.7,30.35
7/21/2024,30.3,26.7,28.5
7/22/2024,32,28,30
7/23/2024,33.1,28,30.55
7/24/2024,33.2,27.8,30.5
7/25/2024,33.8,27.5,30.65
7/26/2024,33.2,26.9,30.05
7/27/2024,33.9,27,30.45
7/28/2024,32.2,26.5,29.35
7/29/2024,32.8,27.2,30
7/30/2024,30.7,28,29.35
7/31/2024,33.5,28.4,30.95
8/1/2024,30.8,27.3,29.05
8/2/2024,32.4,26,29.2
8/3/2024,33,26.5,29.75
8/4/2024,33.9,25.5,29.7
8/5/2024,35.8,26.2,31
8/6/2024,32.5,26,29.25
8/7/2024,30.7,26.4,28.55
8/8/2024,31.9,25,28.45
8/9/2024,29.5,26.2,27.85
8/10/2024,32.3,26,29.15
8/11/2024,34.5,26.3,30.4
8/12/2024,32.7,26.6,29.65
8/13/2024,29.3,25.4,27.35
8/14/2024,30.8,25.5,28.15
8/15/2024,32,27.4,29.7
8/16/2024,31,27.6,29.3
8/17/2024,29.7,27.4,28.55
8/18/2024,32.6,28,30.3
8/19/2024,33.8,26.6,30.2
8/20/2024,33.9,26.7,30.3
8/21/2024,35,26.8,30.9
8/22/2024,32.8,27.5,30.15
8/23/2024,30.9,25.4,28.15
8/24/2024,28.1,26.6,27.35
8/25/2024,31.5,26.2,28.85
8/26/2024,32.4,26.4,29.4
8/27/2024,32.4,26.3,29.35
8/28/2024,33.5,26.6,30.05
8/29/2024,33.5,25.6,29.55
8/30/2024,34.2,27.5,30.85
8/31/2024,34.6,28,31.3
9/1/2024,33.7,27.6,30.65
9/2/2024,33.2,27,30.1
9/3/2024,32.5,24.5,28.5
9/4/2024,31.8,26.8,29.3
9/5/2024,32.1,24.3,28.2
9/6/2024,32,26.5,29.25
9/7/2024,30.7,26,28.35
9/8/2024,29,25.6,27.3
9/9/2024,31.1,26,28.55
9/10/2024,29.8,27,28.4
9/11/2024,32,26,29
9/12/2024,30,25.7,27.85
9/13/2024,32.5,27,29.75
9/14/2024,33.4,26,29.7
9/15/2024,34.5,25.5,30
9/16/2024,34.3,26.4,30.35
9/17/2024,35.1,27,31.05
9/18/2024,34,25.5,29.75
9/19/2024,35.3,26,30.65
9/20/2024,34.2,26.5,30.35
9/21/2024,31,26.5,28.75
9/22/2024,34.5,26,30.25
9/23/2024,32.8,25.4,29.1
9/24/2024,30.5,25,27.75
9/25/2024,29.8,26,27.9
9/26/2024,33,25.5,29.25
9/27/2024,31.9,26,28.95
9/28/2024,32.5,26,29.25
9/29/2024,29.8,26.5,28.15
9/30/2024,32.8,26,29.4
10/1/2024,30,25.8,27.9
10/2/2024,33.5,25.5,29.5
10/3/2024,34.6,25,29.8
10/4/2024,35,25.2,30.1
10/5/2024,35,25.4,30.2
10/6/2024,32.3,26.5,29.4
10/7/2024,33.6,27.5,30.55
10/8/2024,33.2,26.8,30
10/9/2024,28.8,25.5,27.15
10/10/2024,28.6,26.5,27.55
10/11/2024,31.5,26.4,28.95
10/12/2024,32.3,25.8,29.05
10/13/2024,32.6,25.2,28.9
10/14/2024,32.9,25,28.95
10/15/2024,34,25,29.5
10/16/2024,33.2,24.2,28.7
10/17/2024,33.9,24.1,29
10/18/2024,33.7,23.8,28.75
10/19/2024,34.6,24,29.3
10/20/2024,34.3,23,28.65
10/21/2024,33,22,27.5
10/22/2024,33.2,23.5,28.35
10/23/2024,33.5,24.6,29.05
10/24/2024,28.4,24.5,26.45
10/25/2024,25.2,24.5,24.85
10/26/2024,32.6,24.5,28.55
10/27/2024,31.2,22.6,26.9
10/28/2024,30.6,22,26.3
10/29/2024,31.7,21,26.35
10/30/2024,32,20.5,26.25
10/31/2024,31.9,20.5,26.2
11/1/2024,31.5,22,26.75
11/2/2024,31.7,23.2,27.45
11/3/2024,32.5,22.5,27.5
11/4/2024,32,23.4,27.7
11/5/2024,32,23.6,27.8
11/6/2024,30.1,21.2,25.65
11/7/2024,30.5,19.5,25
11/8/2024,25.9,19.8,22.85
11/9/2024,25.3,20,22.65
11/10/2024,25.3,19.5,22.4
11/11/2024,28.2,18.8,23.5
11/12/2024,30,19.5,24.75
11/13/2024,30.4,19.4,24.9
11/14/2024,31,19.6,25.3
11/15/2024,32.2,20.5,26.35
11/16/2024,31.4,24,27.7
11/17/2024,30.5,21.9,26.2
11/18/2024,29.9,21,25.45
11/19/2024,30.3,19.5,24.9
11/20/2024,29.6,20,24.8
11/21/2024,29.4,22,25.7
11/22/2024,29.2,19.4,24.3
11/23/2024,29.2,17.3,23.25
11/24/2024,28.5,17,22.75
11/25/2024,29.1,17.5,23.3
11/26/2024,30.3,17,23.65
11/27/2024,30.1,17.6,23.85
11/28/2024,31,19.5,25.25
11/29/2024,30.5,18.7,24.6
11/30/2024,30.1,18.5,24.3
